user_input,retrieved_contexts,response,reference,faithfulness,answer_relevancy,answer_correctness,context_precision
What is the average precision (mAP) achieved by the CLIMB-3D method in the Split-A scenario?,"['Table 1: Comparison between the proposed method and the baseline in the 3DIS setting, evaluated using mAP25, mAP50, mAP, and FPP after training across all phase. Scenarios Methods Average Precision↑FPP↓ mAP25 mAP50 mAP mAP 25 mAP50 Baseline 16.46 14.29 10.44 51.30 46.82Split-A CLIMB-3D(Ours) 35.69 31.05 22.72 3.44 2.63 Baseline 17.22 15.07 10.93 46.27 42.1Split-B CLIMB-3D(Ours) 35.48 31.56 23.69 8.00 5.51 Baseline 25.65 21.08 14.85 31.68 28.84Split-C CLIMB-3D(Ours) 31.59 26.78 18.93 9.10 7.89 To evaluate our proposed approach, we construct a baseline using ER [5] for the 3DIS setting, as no existing incremental baselines are available for this task.']",I don't know,22.72,0.0,0.0,0.19103706365344852,0.9999999999
What new object categories are introduced in Task 2 of the CI-3DIS setting?,"['2THENGANE ET AL.: CLIMB-3D 1 Introduction Table Chair Couch Pillow Coffee Table Sofa Chair Recycling BinCabinet Unknown Task-1 Task-2 Task-3 Figure 1:Overview of the CI-3DIS setting.New object categories are introduced incre- mentally with each task. After every phase, the model must recognise both newly added and previously learned classes. For instance, in Task 2, categories such as Pillow, Coffee Table, and Sofa Chair are introduced, while the model is expected to retain recognition of earlier classes like Table, Chair, and Couch.']",I don't know,"Pillow, Coffee Table, and Sofa Chair.",0.0,0.0,0.1890375899281508,0.9999999999
What is the effect of adding exemplar replay (ER) on the performance metrics s1 and s2 in Phase 2 and Phase 3?,"['10THENGANE ET AL.: CLIMB-3D Effect of ER.Adding exemplar replay (row 3) partially alleviates forgetting by maintaining a buffer of past examples. This yields notable gains fors1in Phase 2 (+18.51%) and Phase 3 (+10.38%), and also improvess2in Phase 3 (+9.43%). However, the overall forgetting remains substantial (FPP: 46.44), showing ER alone is insufficient.']","A) Increases by +18.51% and +10.38%, respectively.
B) Decreases forgetting by +18.51% and +10.38%, respectively.
C) Maintains past examples without any gain.
D) Does not alleviate forgetting at all.

Answer: B","Exemplar replay (ER) yields notable gains for s1 in Phase 2 (+18.51%) and Phase 3 (+10.38%), and also improves s2 in Phase 3 (+9.43%).",0.25,0.7809583834633571,0.3379546454873665,0.9999999999
What evaluation metrics are used to assess the method in the context of 3DSS?,"['8THENGANE ET AL.: CLIMB-3D assessing real-world scenarios. In addition, we compare our approach against existing incremental learning methods using ScanNetV2 [16] in the 3DSS setting. For this evaluation, we follow the standard training and validation splits defined in prior works [74] to ensure consistency with existing methods. Evaluation Metrics. We evaluate our method using Mean Average Precision (mAP), a standard metric for 3DIS which provides a comprehensive measure of segmentation quality by accounting for both precision and recall. For comparison with existing 3DSS methods, we report the mean Intersection over Union (mIoU), which quantifies the overlap between.']","Answer:
Mean Average Precision (mAP) and Mean Intersection over Union (mIoU).",Mean Average Precision (mAP) and mean Intersection over Union (mIoU).,1.0,0.8725570540532983,0.9932883333746146,0.9999999999
What is one of the main contributions of Thengane et al. in their work on imbalanced class-incremental 3D instance segmentation?,"['THENGANE ET AL.: CLIMB-3D3 In summary, our contributions are: (i) a novel problem setting of imbalanced class-incremental 3DIS with an effective method to balance learning and mitigate forgetting; (ii) three benchmarks modelling continual object emergence with natural imbalance; and (iii) strong experimental results, achieving up to 16.76% mAP improvement over baselines.']","A) A method for balancing learning and forgetting.
B) Three benchmarks modelling continual object emergence with natural imbalance.
C) Strong experimental results, achieving up to 16.76% mAP improvement over baselines.
D) A novel problem setting of imbalanced class-incremental 3DIS.

Answer: D",A novel problem setting of imbalanced class-incremental 3DIS with an effective method to balance learning and mitigate forgetting.,1.0,0.754763179495773,0.44413538555494064,0.9999999999
What is the title of the paper authored by Yuwei Yang and others presented at CVPR in June 2023?,"['point clouds.NeurIPS, 32, 2019. [74] Yuwei Yang, Munawar Hayat, Zhao Jin, Chao Ren, and Yinjie Lei. Geometry and uncertainty-aware 3d point cloud class-incremental semantic segmentation. InCVPR, pages 21759–21768, June 2023.']",I don't know.,Geometry and uncertainty-aware 3d point cloud class-incremental semantic segmentation.,0.0,0.0,0.18219101873327154,0.9999999999
What is the title of the paper authored by Jean Lahoud and others presented at the International Conference on Robotics and Automation in 2024?,"['[38] Jean Lahoud, Fahad Shahbaz Khan, Hisham Cholakkal, Rao Muhammad Anwer, and Salman Khan. Long-tailed 3d semantic segmentation with adaptive weight constraint and sampling. InInternational Conference on Robotics and Automation (ICRA), pages 5037–5044, 2024. doi: 10.1109/ICRA57147.2024.10610029.']",I don't know.,Long-tailed 3d semantic segmentation with adaptive weight constraint and sampling.,0.0,0.0,0.18226326830141784,0.9999999999
What is the primary purpose of the imbalance correction (IC) module as described in the context?,"['E. Appendix C Evaluation on Rare Categories The proposed imbalance correction (IC) module, as detailed in Section 4.2, is designed to address the performance gap for rare classes. To assess its impact, we compare its performance with the framework which has exemplar replay (ER) and knowledge distillation (KD). Specifically, we focus on its ability to improve performance for rare classes, which the model encounters infrequently compared to more common classes. The results, shown in Tab. 5 and Tab. 6, correspond to evaluations on Split-A for Phase 2 and Phase 3, respectively. In Phase 2, we evaluate classes seen 1–20 times per epoch.']","A) To address performance gaps for rare categories
B) To enhance model capacity through knowledge distillation
C) To improve overall performance across all categories
D) To reduce class imbalance by focusing on frequent classes

Answer: A",The primary purpose of the imbalance correction (IC) module is to address the performance gap for rare classes.,0.25,0.766633499904998,0.5062960407380738,0.9999999999
What does the variable C represent in the context of CI-3DIS methods?,"['While CI-3DIS methods offer a wide range of practical applications, they frequently rely on the assumption of uniform sample distribution, which rarely holds in real-world settings. In practice, the number of object categories, denoted by C, is often large and characterised.']","A) The number of classes learned during training
B) The number of object categories in the environment
C) The average number of object categories observed over past tasks
D) The total number of classes across all datasets

Answer: B",C represents the number of object categories.,0.25,0.7614299412924556,0.967660079798081,0.9999999999
What is a limitation of transformer-based models applied to 3DIS and 3DSS?,"['ing [9, 21, 22, 29, 37, 44, 70, 78]. In contrast, proposal-based methods follow a top-down strategy by detecting 3D boxes and segmenting objects within them [19, 26, 46, 73, 76]. Recently, transformer-based models [68] have also been applied to 3DIS and 3DSS [59, 64], inspired by advances in 2D vision [10, 11]. However, these approaches require full annotations for all classes and are not designed for progressive learning, where only new class annotations are available and previous data is inaccessible. Another line of work aims to re-duce annotation costs by proposing weakly supervised 3DIS methods based on sparse cues.']","A) They require full annotations for all classes.
B) They are designed for progressive learning with previous data available.
C) They are not suitable for weakly supervised scenarios. D) They do not re-duce annotation costs.

Answer:
C) They are not suitable for weakly supervised scenarios.",They require full annotations for all classes and are not designed for progressive learning.,0.25,0.7555763872145228,0.4746925453732009,0.9999999999
What is the purpose of introducing the Split-C scenario in data labelling?,"['infrequent categories within a single task, focusing on semantic continuity and transfer. Split-C: Random Scenarios.In some cases, data labelling is driven by the availability of objects rather than predefined criteria. To capture this, we introduce theSplit-Cscenario, which represents a fully random setting where any class can appear in any task, resulting in varying levels of class imbalance. By exposing the model to such diverse and unpredictable distributions, we aim to improve its robustness in real-world situations where labelled data availability is inconsistent. These incremental scenarios are designed to provide a more realistic representation of']",I don't know,The purpose of introducing the Split-C scenario is to improve the model's robustness in real-world situations where labelled data availability is inconsistent by exposing it to diverse and unpredictable distributions.,0.0,0.0,0.18219244995858516,0.9999999999
What are the two strategies introduced to better preserve past representations and enhance generalization across phases in the context of limited exemplar budgets?,"['phaset, and|E t |denotes the exemplar replay size. The combined replay dataset is denoted as:D t ER =D t ∪E 1:t−1.Epoch training consists of two stages: first, the model is trained on the current data,D t ; then it is trained using exemplars fromE 1:t−1. While previous CI-3DIS approaches rely on large exemplar sets to mitigate forgetting [4], such strategies become impractical under memory constraints. Consequently, although ER aids knowledge retention, it is insufficient on its own for robust performance with a limited exemplar budget. Therefore, PLG and CBR are introduced to better preserve past representations and enhance generalisation across phases.']","A) ER and CI-3DIS
B) PLG and CBR
C) CLIMB and CLIMB-3DIS
D) CLIMB and CLIMB-3DIS

Answer: B",PLG and CBR.,1.0,0.7832784150275792,0.9592797837593607,0.9999999999
What is the average boost in performance provided by the IC module in Phase 2?,"['2andPhase 3, respectively. InPhase 2, we evaluate classes seen 1–20 times per epoch, whilePhase 3targets even less frequent classes, with observations limited to 1–10 times per epoch. As illustrated in Tab. 5, the IC module substantially improves performance on rare classes in terms of mAP 50 in Phase 2 ofSplit-A. For instance, classes likerecycling binandtrash bin, seen only 3 and 7 times, respectively, shows significant improvement when the IC module is applied. Overall, the IC module provides an average boost of 8.32%, highlighting its effectiveness in mitigating class imbalance. Similarly, Tab. 6 presents results forPhase 3, demonstrating significant gains for infre-']","Answer:
8.32%",8.32%,1.0,0.7662549642654498,0.9885970798483548,0.9999999999
What item is mentioned as being located on the bathroom counter?,['blanket speaker bathroom counter wall toilet papermonitor kitchen cabinet plant lamp microwave cup plunger mattress ballarmchair counter bag dresser shoe paper towel roll bin stand monitorcoffee table ceiling backpack monitor computer tower bar armchair copier bathroom cabinetrefrigerator whiteboard toilet paperobject bottle toaster trash bin ironing board shoetv shower curtain blanket ceiling bin ironing board dishwasher radiator blackboardnightstand closet shoe board ottoman soap dish lamp keyboard ventdresser computer tower bottle stove bench toilet paper dispenserprojector toaster oven bagstool board basket closet wall basket fire extinguisherpotted plant paper bag paperbathtub mirror'],"Answer:
toilet paper",Toilet paper.,0.0,0.7770093424582522,0.9878164365876824,0.9999999999
What is the purpose of the Class-Balanced Re-weighting (CBR) in the pseudo-label generation process?,"['which maintains a small memory of past examples. These are then passed to the current modelΦ t to produce predicted labelsY t . The Pseudo-Label Generator (PLG) selects the top-K predictions from the previous modelΦ t−1 . These pseudo-labels are then weighted based on class frequencyf(c)using Class-Balanced Re-weighting (CBR), and the top-K re-weighted labels are selected to form the balanced pseudo-label set ¯Yt . This pseudo-label set is then concatenated with the ground-truth labels to form a final augmented supervision set Yt for taskt, which is used to optimise the modelΦ t using Eq. (3).']","A) To select the top-K predictions from the previous model Φt−1 based solely on their frequency.
B) To select the top-K predictions from the previous model Φt−1 based on class frequency f(c).
C) To select the top-K predictions from the previous model Φt−1 based solely on their frequency and previously selected pseudo-labels.
D) To select the top-K predictions from the previous model Φt−1 based solely on their frequency and previously selected pseudo-labels, as well as the class frequency f(c).
E) None of the above.

Answer: B",The purpose of Class-Balanced Re-weighting (CBR) is to weight the pseudo-labels based on class frequency f(c) to ensure a balanced pseudo-label set.,0.5,0.7672037098850663,0.41279964291721793,0.9999999999
What is the primary focus of the research presented in the paper by Thengane et al.?,"['arXiv:2502.17429v3  [cs.CV]  21 Nov 2025 THENGANE ET AL.: CLIMB-3D1 CLIMB-3D: Class-Incremental Imbalanced 3D Instance Segmentation Vishal Thengane1 v.thengane@surrey.ac.uk Jean Lahoud2 jean.lahoud@mbzuai.ac.ae Hisham Cholakkal2 hisham.cholakkal@mbzuai.ac.ae Rao Muhammad Anwer2 rao.anwer@mbzuai.ac.ae Lu Yin1 l.yin@surrey.ac.uk Xiatian Zhu1 xiatian.zhu@surrey.ac.uk Salman Khan2, 3 salman.khan@mbzuai.ac.ae 1 University of Surrey, Guildford, UK 2 Mohamed bin Zayed University of Artificial Intelligence, Abu Dhabi, UAE 3 Australian National University, Canberra, Australia Abstract While 3D instance segmentation (3DIS) has advanced significantly, most existing']","A) Climb-3D1 CLIMB-3D: Class-Incremental Imbalanced 3D Instance Segmentation
B) CLIMB-3D2 CLIMB-3D: Class-Incremental Imbalanced 3D Instance Segmentation
C) Class-Incremental Imbalanced 3D Instance Segmentation
D) Climb-3D1 CLIMB-3D: Class-Incremental Imbalanced 3D Instance Segmentation + CLIMB-3D2 CLIMB-3D

Answer:
A) Climb-3D1 CLIMB-3D: Class-Incremental Imbalanced 3D Instance Segmentation",The primary focus of the research is on Class-Incremental Imbalanced 3D Instance Segmentation.,0.5,0.7504758347220203,0.4681091476210589,0.9999999999
What is the main focus of the paper by Julian Chibane et al. as indicated in the context?,"['[12] Julian Chibane, Francis Engelmann, Tuan Anh Tran, and Gerard Pons-Moll. Box2mask: Weakly supervised 3d semantic instance segmentation using bounding boxes. InECCV, pages 681–699. Springer, 2022.']","A) Mask generation
B) Semantic instance segmentation
C) Object detection
D) Instance segmentation

Answer:
B) Semantic instance segmentation",The main focus of the paper by Julian Chibane et al. is weakly supervised 3D semantic instance segmentation using bounding boxes.,0.5,0.7607546922685127,0.5805643664198243,0.9999999999
What item is mentioned as being located on the bathroom counter?,['calendarrecycling bin stuffed animal columnmailbox ceiling light radiator structure poster shower water cooler fire alarmmusic stand dumbbell shelf storage organizer luggagejacket coffee kettle storage containerbathroom counter tube potted plant bottle kitchen counterbathroom vanity cd case mattresslaundry hamper coffee kettletrash bin shower headkeyboard piano case of water bottlesfolded chair fire alarmluggage power stripmattress calendar posterpotted plant'],"Answer:
bathroom counter tube potted plant",coffee kettle,0.0,0.9036219379341299,0.4959967371580513,0.9999999999
"What is the title of the paper authored by Seulki Park and others, published in CVPR in 2022?","['2019. [50] Dhruv Mahajan, Ross Girshick, Vignesh Ramanathan, Kaiming He, Manohar Paluri, Yixuan Li, Ashwin Bharambe, and Laurens Van Der Maaten. Exploring the limits of weakly supervised pretraining. InECCV, pages 181–196, 2018. [51] Michael McCloskey and Neal J Cohen. Catastrophic interference in connectionist networks: The sequential learning problem. InPsychology of learning and motivation, volume 24, pages 109–165. Elsevier, 1989. [52] Seulki Park, Youngkyu Hong, Byeongho Heo, Sangdoo Yun, and Jin Young Choi. The majority can help the minority: Context-rich minority oversampling for long-tailed classification. InCVPR, pages 6887–6896, 2022.']",I don't know.,The majority can help the minority: Context-rich minority oversampling for long-tailed classification.,0.0,0.0,0.18118397321884666,0.9999999999
What is the price of the copier?,['copier 5 94.00 96.80'],Answer: $94.00,94.00,1.0,0.8789544405998164,0.9831007645758137,0.9999999999
"What is the primary focus of the paper authored by Yun-Hsuan Sung, Zhen Li, and Tom Duerig?","['Yun-Hsuan Sung, Zhen Li, and Tom Duerig. Scaling up visual and vision-language representation learning with noisy text supervision. InICML, pages 4904–4916. PMLR, 2021.']","A) Class imbalance in long-tailed datasets
B) Class imbalance in long-tailed datasets with noisy text supervision
C) Class imbalance in long-tailed datasets without noise
D) Class imbalance in long-tailed datasets with class imbalance.",The primary focus of the paper is on scaling up visual and vision-language representation learning with noisy text supervision.,0.0,0.7522716605904343,0.20319090719384272,0.9999999999
How does the proposed method perform in terms of retaining knowledge of previous tasks compared to the baseline in Split-A?,"['object categories; marks the background.Left:Grouped by category frequency.Middle: Grouped by semantic similarity (e.g., similar shapes).Right:Randomly grouped, mixing semantic and frequency variations. Appendix B Per Phase Analysis We extend the analysis from Tab. 1 to Tab. 4 to highlight the impact of our proposed method on individual splits across various scenarios. The results clearly demonstrate that our model consistently retains knowledge of previous tasks better than the baseline. For Split-A, our model shows improvement throughout the phase. In Phase 3 of (s2), although both the baseline and our method exhibit a performance drop, our method reduces forgetting significantly.']",What is the primary focus of the results from Tab. 1?,The proposed method shows improvement throughout the phase in Split-A and consistently retains knowledge of previous tasks better than the baseline.,0.0,0.0,0.19636071920704723,0.9999999999
What evaluation method is used to compare the proposed framework with the baseline method in the study?,"['THENGANE ET AL.: CLIMB-3D7 Ground Truth Baseline Ours Figure 5: Qualitative comparison of ground truth, the baseline method, and our proposed framework on the Split-B evaluation after learning all tasks.']","A) Split-A
B) Split-B
C) Split-C
D) Split-D

Answer: B",The Split-B evaluation method is used.,0.0,0.7713978714761369,0.21555525849703794,0.0
What is one common strategy used in incremental learning to mitigate catastrophic forgetting?,"['duce annotation costs by proposing weakly supervised 3DIS methods based on sparse cues [12, 27, 72]. While effective with limited annotations, these methods assume a fixed set of classes and are susceptible to catastrophic forgetting in incremental settings. Incremental Learning.Continual learning involves training models sequentially to mitigate catastrophic forgetting. One common strategy is model regularisation, which constrains parameter updates using techniques such as elastic weight consolidation or knowledge distillation [1, 24, 35, 43, 60]. Another approach is exemplar replay, where past data is stored.']","A) Exemplar replay
B) Model regularisation
C) Knowledge distillation
D) Elastic weight consolidation

Answer:
B) Model regularisation","Model regularisation, which constrains parameter updates using techniques such as elastic weight consolidation or knowledge distillation.",1.0,0.7699457226128382,0.43712442879222746,0.9999999999
